Input file,Event Number,Species Code,Call,Start time,End time,Parameter 1,Parameter 2,Parameter 3,Parameter 4,Parameter 5,Parameter 6,Comments,Image,Audio
\\snowman.ucsd.edu\sanctsound_decimated\MB\MB02\MB02_01_df48\LTSAout_MB02_01_5s_1Hz.ltsa,7/8/2022 18:02,UF,Other,11/16/2018 0:24:44.5,11/16/2018 6:26:12.5,,,,,,,Mystery,,
\\snowman.ucsd.edu\sanctsound_decimated\MB\MB02\MB02_01_df48\LTSAout_MB02_01_5s_1Hz.ltsa,7/8/2022 18:02,UF,Other,11/16/2018 1:27:29.5,11/16/2018 4:22:55.5,,,,,,,Mystery high,,
\\snowman.ucsd.edu\sanctsound_decimated\MB\MB02\MB02_01_df48\LTSAout_MB02_01_5s_1Hz.ltsa,7/8/2022 18:02,UF,Other,11/17/2018 0:10:58.5,11/17/2018 6:14:35.5,,,,,,,Mystery,,
\\snowman.ucsd.edu\sanctsound_decimated\MB\MB02\MB02_01_df48\LTSAout_MB02_01_5s_1Hz.ltsa,7/8/2022 18:02,UF,Other,11/17/2018 1:31:28.5,11/17/2018 5:08:45.5,,,,,,,Mystery high,,
\\snowman.ucsd.edu\sanctsound_decimated\MB\MB02\MB02_01_df48\LTSAout_MB02_01_5s_1Hz.ltsa,7/8/2022 18:03,UF,Other,11/18/2018 0:39:09.5,11/18/2018 6:31:16.5,,,,,,,Mystery,,
\\snowman.ucsd.edu\sanctsound_decimated\MB\MB02\MB02_01_df48\LTSAout_MB02_01_5s_1Hz.ltsa,7/8/2022 18:03,UF,Other,11/18/2018 1:33:29.5,11/18/2018 4:33:13.5,,,,,,,Mystery high,,
\\snowman.ucsd.edu\sanctsound_decimated\MB\MB02\MB02_01_df48\LTSAout_MB02_01_5s_1Hz.ltsa,7/8/2022 18:03,UF,Other,11/19/2018 0:47:24.5,11/19/2018 6:10:17.5,,,,,,,Mystery,,
\\snowman.ucsd.edu\sanctsound_decimated\MB\MB02\MB02_01_df48\LTSAout_MB02_01_5s_1Hz.ltsa,7/8/2022 18:04,UF,Other,11/19/2018 1:30:14.5,11/19/2018 4:50:53.5,,,,,,,Mystery high,,
\\snowman.ucsd.edu\sanctsound_decimated\MB\MB02\MB02_01_df48\LTSAout_MB02_01_5s_1Hz.ltsa,7/8/2022 18:04,UF,Other,11/20/2018 1:00:55.5,11/20/2018 5:55:37.5,,,,,,,Mystery,,
\\snowman.ucsd.edu\sanctsound_decimated\MB\MB02\MB02_01_df48\LTSAout_MB02_01_5s_1Hz.ltsa,7/8/2022 18:05,UF,Other,11/20/2018 1:49:00.5,11/20/2018 4:17:24.5,,,,,,,Mystery high,,
\\snowman.ucsd.edu\sanctsound_decimated\MB\MB02\MB02_01_df48\LTSAout_MB02_01_5s_1Hz.ltsa,7/8/2022 18:06,UF,Other,11/21/2018 1:15:30.5,11/21/2018 5:50:17.5,,,,,,,Mystery,,
\\snowman.ucsd.edu\sanctsound_decimated\MB\MB02\MB02_01_df48\LTSAout_MB02_01_5s_1Hz.ltsa,7/8/2022 18:07,UF,Other,11/21/2018 1:31:10.5,11/21/2018 4:06:49.5,,,,,,,Mystery high,,
\\snowman.ucsd.edu\sanctsound_decimated\MB\MB02\MB02_01_df48\LTSAout_MB02_01_5s_1Hz.ltsa,7/8/2022 18:07,UF,Other,11/22/2018 0:17:56.5,11/22/2018 3:46:55.5,,,,,,,Off effort,,
\\snowman.ucsd.edu\sanctsound_decimated\MB\MB02\MB02_01_df48\LTSAout_MB02_01_5s_1Hz.ltsa,7/8/2022 18:10,UF,Other,11/23/2018 1:19:32.5,11/23/2018 3:50:01.5,,,,,,,Mystery,,
\\snowman.ucsd.edu\sanctsound_decimated\MB\MB02\MB02_01_df48\LTSAout_MB02_01_5s_1Hz.ltsa,7/8/2022 18:10,UF,Other,11/23/2018 1:44:37.5,11/23/2018 3:18:41.5,,,,,,,Mystery high,,
\\snowman.ucsd.edu\sanctsound_decimated\MB\MB02\MB02_01_df48\LTSAout_MB02_01_5s_1Hz.ltsa,7/11/2022 8:24,UF,Other,11/24/2018 0:44:24.5,11/24/2018 7:02:11.5,,,,,,,Mystery,,
\\snowman.ucsd.edu\sanctsound_decimated\MB\MB02\MB02_01_df48\LTSAout_MB02_01_5s_1Hz.ltsa,7/11/2022 8:24,UF,Other,11/24/2018 1:23:34.5,11/24/2018 4:52:53.5,,,,,,,Mystery high,,
\\snowman.ucsd.edu\sanctsound_decimated\MB\MB02\MB02_01_df48\LTSAout_MB02_01_5s_1Hz.ltsa,7/11/2022 8:25,UF,Other,11/25/2018 0:45:58.5,11/25/2018 7:15:46.5,,,,,,,Mystery,,
\\snowman.ucsd.edu\sanctsound_decimated\MB\MB02\MB02_01_df48\LTSAout_MB02_01_5s_1Hz.ltsa,7/11/2022 8:25,UF,Other,11/25/2018 1:23:28.5,11/25/2018 4:59:36.5,,,,,,,Mystery high,,
\\snowman.ucsd.edu\sanctsound_decimated\MB\MB02\MB02_01_df48\LTSAout_MB02_01_5s_1Hz.ltsa,7/11/2022 8:25,UF,Other,11/26/2018 2:00:48.5,11/26/2018 7:24:12.5,,,,,,,Mystery,,
\\snowman.ucsd.edu\sanctsound_decimated\MB\MB02\MB02_01_df48\LTSAout_MB02_01_5s_1Hz.ltsa,7/11/2022 8:26,UF,Other,11/27/2018 2:10:54.5,11/27/2018 7:01:58.5,,,,,,,Mystery,,
\\snowman.ucsd.edu\sanctsound_decimated\MB\MB02\MB02_01_df48\LTSAout_MB02_01_5s_1Hz.ltsa,7/11/2022 8:29,UF,Other,11/28/2018 1:21:32.5,11/28/2018 8:52:34.5,,,,,,,Mystery,,
\\snowman.ucsd.edu\sanctsound_decimated\MB\MB02\MB02_01_df48\LTSAout_MB02_01_5s_1Hz.ltsa,7/11/2022 8:29,UF,Other,11/28/2018 4:10:00.5,11/28/2018 6:22:45.5,,,,,,,Mystery high,,
\\snowman.ucsd.edu\sanctsound_decimated\MB\MB02\MB02_01_df48\LTSAout_MB02_01_5s_1Hz.ltsa,7/11/2022 8:29,UF,Other,11/28/2018 23:42:43.5,11/29/2018 7:52:55.5,,,,,,,Mystery,,
\\snowman.ucsd.edu\sanctsound_decimated\MB\MB02\MB02_01_df48\LTSAout_MB02_01_5s_1Hz.ltsa,7/11/2022 8:29,UF,Other,11/29/2018 1:16:23.5,11/29/2018 5:57:10.5,,,,,,,Mystery high,,
\\snowman.ucsd.edu\sanctsound_decimated\MB\MB02\MB02_01_df48\LTSAout_MB02_01_5s_1Hz.ltsa,7/11/2022 8:30,UF,Other,11/29/2018 23:05:13.5,11/30/2018 8:37:05.5,,,,,,,Mystery,,
\\snowman.ucsd.edu\sanctsound_decimated\MB\MB02\MB02_01_df48\LTSAout_MB02_01_5s_1Hz.ltsa,7/11/2022 8:30,UF,Other,11/30/2018 0:40:33.5,11/30/2018 6:55:01.5,,,,,,,Mystery high,,
\\snowman.ucsd.edu\sanctsound_decimated\MB\MB02\MB02_01_df48\LTSAout_MB02_01_5s_1Hz.ltsa,7/11/2022 8:30,UF,Other,11/30/2018 22:17:30.5,12/1/2018 8:42:05.5,,,,,,,Mystery,,
\\snowman.ucsd.edu\sanctsound_decimated\MB\MB02\MB02_01_df48\LTSAout_MB02_01_5s_1Hz.ltsa,7/11/2022 8:31,UF,Other,12/1/2018 0:28:34.5,12/1/2018 6:22:32.5,,,,,,,Mystery high,,
\\snowman.ucsd.edu\sanctsound_decimated\MB\MB02\MB02_01_df48\LTSAout_MB02_01_5s_1Hz.ltsa,7/11/2022 8:42,UF,Other,12/2/2018 0:23:24.5,12/2/2018 13:02:25.5,,,,,,,Mystery,,
\\snowman.ucsd.edu\sanctsound_decimated\MB\MB02\MB02_01_df48\LTSAout_MB02_01_5s_1Hz.ltsa,7/11/2022 8:47,UF,Other,12/2/2018 2:12:18.5,12/2/2018 10:05:26.5,,,,,,,Mystery high,,
\\snowman.ucsd.edu\sanctsound_decimated\MB\MB02\MB02_01_df48\LTSAout_MB02_01_5s_1Hz.ltsa,7/11/2022 8:48,UF,Other,12/3/2018 1:45:00.5,12/3/2018 12:35:11.5,,,,,,,Mystery,,
\\snowman.ucsd.edu\sanctsound_decimated\MB\MB02\MB02_01_df48\LTSAout_MB02_01_5s_1Hz.ltsa,7/11/2022 8:49,UF,Other,12/3/2018 4:01:09.5,12/3/2018 9:41:32.5,,,,,,,Mystery high,,
\\snowman.ucsd.edu\sanctsound_decimated\MB\MB02\MB02_01_df48\LTSAout_MB02_01_5s_1Hz.ltsa,7/11/2022 8:49,UF,Other,12/4/2018 3:50:51.5,12/4/2018 11:16:43.5,,,,,,,Mystery,,
\\snowman.ucsd.edu\sanctsound_decimated\MB\MB02\MB02_01_df48\LTSAout_MB02_01_5s_1Hz.ltsa,7/11/2022 9:40,UF,Other,12/5/2018 4:43:32.5,12/5/2018 11:33:39.5,,,,,,,Mystery,,
\\snowman.ucsd.edu\sanctsound_decimated\MB\MB02\MB02_01_df48\LTSAout_MB02_01_5s_1Hz.ltsa,7/11/2022 9:40,UF,Other,12/6/2018 3:43:53.5,12/6/2018 9:41:15.5,,,,,,,Mystery,,
\\snowman.ucsd.edu\sanctsound_decimated\MB\MB02\MB02_01_df48\LTSAout_MB02_01_5s_1Hz.ltsa,7/11/2022 9:41,UF,Other,12/7/2018 1:08:55.5,12/7/2018 8:19:32.5,,,,,,,Mystery,,
\\snowman.ucsd.edu\sanctsound_decimated\MB\MB02\MB02_01_df48\LTSAout_MB02_01_5s_1Hz.ltsa,7/11/2022 9:42,UF,Other,12/7/2018 2:27:14.5,12/7/2018 6:20:23.5,,,,,,,Mystery high,,
\\snowman.ucsd.edu\sanctsound_decimated\MB\MB02\MB02_01_df48\LTSAout_MB02_01_5s_1Hz.ltsa,7/11/2022 10:30,UF,Other,12/8/2018 1:12:16.5,12/8/2018 12:22:51.5,,,,,,,Mystery,,
\\snowman.ucsd.edu\sanctsound_decimated\MB\MB02\MB02_01_df48\LTSAout_MB02_01_5s_1Hz.ltsa,7/11/2022 10:31,UF,Other,12/8/2018 1:32:41.5,12/8/2018 9:27:32.5,,,,,,,Mystery high,,
\\snowman.ucsd.edu\sanctsound_decimated\MB\MB02\MB02_01_df48\LTSAout_MB02_01_5s_1Hz.ltsa,7/11/2022 10:31,UF,Other,12/9/2018 1:24:06.5,12/9/2018 11:14:41.5,,,,,,,Mystery,,
\\snowman.ucsd.edu\sanctsound_decimated\MB\MB02\MB02_01_df48\LTSAout_MB02_01_5s_1Hz.ltsa,7/11/2022 10:32,UF,Other,12/9/2018 2:15:10.5,12/9/2018 9:20:38.5,,,,,,,Mystery high,,
\\snowman.ucsd.edu\sanctsound_decimated\MB\MB02\MB02_01_df48\LTSAout_MB02_01_5s_1Hz.ltsa,7/11/2022 10:32,UF,Other,12/10/2018 1:22:22.5,12/10/2018 9:51:14.5,,,,,,,Mystery,,
\\snowman.ucsd.edu\sanctsound_decimated\MB\MB02\MB02_01_df48\LTSAout_MB02_01_5s_1Hz.ltsa,7/11/2022 10:32,UF,Other,12/10/2018 2:18:31.5,12/10/2018 8:15:54.5,,,,,,,Mystery high,,
\\snowman.ucsd.edu\sanctsound_decimated\MB\MB02\MB02_01_df48\LTSAout_MB02_01_5s_1Hz.ltsa,7/11/2022 10:33,UF,Other,12/10/2018 22:38:53.5,12/11/2018 7:52:00.5,,,,,,,Off effort,,
\\snowman.ucsd.edu\sanctsound_decimated\MB\MB02\MB02_01_df48\LTSAout_MB02_01_5s_1Hz.ltsa,7/11/2022 10:34,UF,Other,12/12/2018 0:29:33.5,12/12/2018 12:22:44.5,,,,,,,Mystery,,
\\snowman.ucsd.edu\sanctsound_decimated\MB\MB02\MB02_01_df48\LTSAout_MB02_01_5s_1Hz.ltsa,7/11/2022 10:35,UF,Other,12/12/2018 1:32:33.5,12/12/2018 8:09:05.5,,,,,,,Mystery high,,
\\snowman.ucsd.edu\sanctsound_decimated\MB\MB02\MB02_01_df48\LTSAout_MB02_01_5s_1Hz.ltsa,7/11/2022 10:35,UF,Other,12/12/2018 23:00:59.5,12/13/2018 5:01:48.5,,,,,,,Off effort,,
\\snowman.ucsd.edu\sanctsound_decimated\MB\MB02\MB02_01_df48\LTSAout_MB02_01_5s_1Hz.ltsa,7/11/2022 10:38,UF,Other,12/12/2018 23:04:24.5,12/13/2018 4:53:19.5,,,,,,,Off effort,,
\\snowman.ucsd.edu\sanctsound_decimated\MB\MB02\MB02_01_df48\LTSAout_MB02_01_5s_1Hz.ltsa,7/11/2022 10:39,UF,Other,12/14/2018 0:58:26.5,12/14/2018 10:38:48.5,,,,,,,Mystery,,
\\snowman.ucsd.edu\sanctsound_decimated\MB\MB02\MB02_01_df48\LTSAout_MB02_01_5s_1Hz.ltsa,7/11/2022 10:39,UF,Other,12/14/2018 2:59:15.5,12/14/2018 7:19:39.5,,,,,,,Mystery high,,
\\snowman.ucsd.edu\sanctsound_decimated\MB\MB02\MB02_01_df48\LTSAout_MB02_01_5s_1Hz.ltsa,7/11/2022 10:39,UF,Other,12/15/2018 0:58:23.5,12/15/2018 8:08:54.5,,,,,,,Mystery,,
\\snowman.ucsd.edu\sanctsound_decimated\MB\MB02\MB02_01_df48\LTSAout_MB02_01_5s_1Hz.ltsa,7/11/2022 10:40,UF,Other,12/15/2018 3:04:17.5,12/15/2018 6:14:55.5,,,,,,,Mystery high,,
\\snowman.ucsd.edu\sanctsound_decimated\MB\MB02\MB02_01_df48\LTSAout_MB02_01_5s_1Hz.ltsa,7/11/2022 10:41,UF,Other,12/16/2018 0:32:44.5,12/16/2018 6:04:37.5,,,,,,,Mystery,,
\\snowman.ucsd.edu\sanctsound_decimated\MB\MB02\MB02_01_df48\LTSAout_MB02_01_5s_1Hz.ltsa,7/11/2022 10:42,UF,Other,12/17/2018 0:00:20.5,12/17/2018 7:27:57.5,,,,,,,Mystery,,
\\snowman.ucsd.edu\sanctsound_decimated\MB\MB02\MB02_01_df48\LTSAout_MB02_01_5s_1Hz.ltsa,7/11/2022 10:42,UF,Other,12/17/2018 1:06:45.5,12/17/2018 5:45:52.5,,,,,,,Mystery high,,
\\snowman.ucsd.edu\sanctsound_decimated\MB\MB02\MB02_01_df48\LTSAout_MB02_01_5s_1Hz.ltsa,7/11/2022 10:45,UF,Other,12/17/2018 21:22:02.5,12/18/2018 7:55:07.5,,,,,,,Mystery,,
\\snowman.ucsd.edu\sanctsound_decimated\MB\MB02\MB02_01_df48\LTSAout_MB02_01_5s_1Hz.ltsa,7/11/2022 10:45,UF,Other,12/17/2018 22:50:32.5,12/18/2018 5:15:09.5,,,,,,,Mystery high,,
\\snowman.ucsd.edu\sanctsound_decimated\MB\MB02\MB02_01_df48\LTSAout_MB02_01_5s_1Hz.ltsa,7/11/2022 11:03,UF,Other,12/18/2018 21:11:42.5,12/19/2018 6:29:58.5,,,,,,,Mystery,,
\\snowman.ucsd.edu\sanctsound_decimated\MB\MB02\MB02_01_df48\LTSAout_MB02_01_5s_1Hz.ltsa,7/11/2022 11:03,UF,Other,12/18/2018 22:30:02.5,12/19/2018 4:46:10.5,,,,,,,Mystery high,,
\\snowman.ucsd.edu\sanctsound_decimated\MB\MB02\MB02_01_df48\LTSAout_MB02_01_5s_1Hz.ltsa,7/11/2022 11:04,UF,Other,12/19/2018 21:55:52.5,12/20/2018 7:56:38.5,,,,,,,Mystery,,
\\snowman.ucsd.edu\sanctsound_decimated\MB\MB02\MB02_01_df48\LTSAout_MB02_01_5s_1Hz.ltsa,7/11/2022 11:04,UF,Other,12/20/2018 1:20:06.5,12/20/2018 5:31:59.5,,,,,,,Mystery high,,
\\snowman.ucsd.edu\sanctsound_decimated\MB\MB02\MB02_01_df48\LTSAout_MB02_01_5s_1Hz.ltsa,7/11/2022 11:04,UF,Other,12/20/2018 23:26:02.5,12/21/2018 7:20:49.5,,,,,,,Mystery,,
\\snowman.ucsd.edu\sanctsound_decimated\MB\MB02\MB02_01_df48\LTSAout_MB02_01_5s_1Hz.ltsa,7/11/2022 11:04,UF,Other,12/21/2018 1:18:22.5,12/21/2018 4:03:25.5,,,,,,,Mystery high,,
\\snowman.ucsd.edu\sanctsound_decimated\MB\MB02\MB02_01_df48\LTSAout_MB02_01_5s_1Hz.ltsa,7/11/2022 11:05,UF,Other,12/21/2018 23:42:57.5,12/22/2018 7:25:55.5,,,,,,,Mystery,,
\\snowman.ucsd.edu\sanctsound_decimated\MB\MB02\MB02_01_df48\LTSAout_MB02_01_5s_1Hz.ltsa,7/11/2022 11:05,UF,Other,12/22/2018 1:23:22.5,12/22/2018 5:13:05.5,,,,,,,Mystery high,,
\\snowman.ucsd.edu\sanctsound_decimated\MB\MB02\MB02_01_df48\LTSAout_MB02_01_5s_1Hz.ltsa,7/11/2022 11:06,UF,Other,12/23/2018 1:21:39.5,12/23/2018 8:13:30.5,,,,,,,Mystery,,
\\snowman.ucsd.edu\sanctsound_decimated\MB\MB02\MB02_01_df48\LTSAout_MB02_01_5s_1Hz.ltsa,7/11/2022 11:06,UF,Other,12/24/2018 1:16:24.5,12/24/2018 10:10:51.5,,,,,,,Mystery,,
\\snowman.ucsd.edu\sanctsound_decimated\MB\MB02\MB02_01_df48\LTSAout_MB02_01_5s_1Hz.ltsa,7/11/2022 11:06,UF,Other,12/24/2018 3:12:08.5,12/24/2018 6:55:07.5,,,,,,,Mystery high,,
\\snowman.ucsd.edu\sanctsound_decimated\MB\MB02\MB02_01_df48\LTSAout_MB02_01_5s_1Hz.ltsa,7/11/2022 11:07,UF,Other,12/25/2018 0:52:31.5,12/25/2018 11:29:02.5,,,,,,,Mystery,,
\\snowman.ucsd.edu\sanctsound_decimated\MB\MB02\MB02_01_df48\LTSAout_MB02_01_5s_1Hz.ltsa,7/11/2022 11:07,UF,Other,12/25/2018 2:15:55.5,12/25/2018 7:30:49.5,,,,,,,Mystery high,,
\\snowman.ucsd.edu\sanctsound_decimated\MB\MB02\MB02_01_df48\LTSAout_MB02_01_5s_1Hz.ltsa,7/11/2022 11:07,UF,Other,12/26/2018 0:09:57.5,12/26/2018 8:52:23.5,,,,,,,Mystery,,
\\snowman.ucsd.edu\sanctsound_decimated\MB\MB02\MB02_01_df48\LTSAout_MB02_01_5s_1Hz.ltsa,7/11/2022 11:07,UF,Other,12/26/2018 1:19:42.5,12/26/2018 7:25:39.5,,,,,,,Mystery high,,
\\snowman.ucsd.edu\sanctsound_decimated\MB\MB02\MB02_01_df48\LTSAout_MB02_01_5s_1Hz.ltsa,7/11/2022 11:08,UF,Other,12/27/2018 0:55:47.5,12/27/2018 12:40:22.5,,,,,,,Mystery,,
\\snowman.ucsd.edu\sanctsound_decimated\MB\MB02\MB02_01_df48\LTSAout_MB02_01_5s_1Hz.ltsa,7/11/2022 11:09,UF,Other,12/27/2018 1:43:27.5,12/27/2018 9:34:53.5,,,,,,,Mystery high,,
\\snowman.ucsd.edu\sanctsound_decimated\MB\MB02\MB02_01_df48\LTSAout_MB02_01_5s_1Hz.ltsa,7/11/2022 11:10,UF,Other,12/28/2018 0:52:17.5,12/28/2018 13:17:48.5,,,,,,,Mystery,,
\\snowman.ucsd.edu\sanctsound_decimated\MB\MB02\MB02_01_df48\LTSAout_MB02_01_5s_1Hz.ltsa,7/11/2022 11:10,UF,Other,12/28/2018 3:08:26.5,12/28/2018 9:33:09.5,,,,,,,Mystery high,,
\\snowman.ucsd.edu\sanctsound_decimated\MB\MB02\MB02_01_df48\LTSAout_MB02_01_5s_1Hz.ltsa,7/11/2022 11:10,UF,Other,12/29/2018 1:05:53.5,12/29/2018 12:01:10.5,,,,,,,Mystery,,
\\snowman.ucsd.edu\sanctsound_decimated\MB\MB02\MB02_01_df48\LTSAout_MB02_01_5s_1Hz.ltsa,7/11/2022 11:11,UF,Other,12/29/2018 2:19:03.5,12/29/2018 10:17:21.5,,,,,,,Mystery high,,
\\snowman.ucsd.edu\sanctsound_decimated\MB\MB02\MB02_01_df48\LTSAout_MB02_01_5s_1Hz.ltsa,7/11/2022 11:11,UF,Other,12/30/2018 3:16:54.5,12/30/2018 12:31:40.5,,,,,,,Mystery,,
\\snowman.ucsd.edu\sanctsound_decimated\MB\MB02\MB02_01_df48\LTSAout_MB02_01_5s_1Hz.ltsa,7/11/2022 11:12,UF,Other,12/31/2018 1:15:56.5,12/31/2018 12:52:00.5,,,,,,,Mystery,,
\\snowman.ucsd.edu\sanctsound_decimated\MB\MB02\MB02_01_df48\LTSAout_MB02_01_5s_1Hz.ltsa,7/11/2022 11:12,UF,Other,12/31/2018 7:25:18.5,12/31/2018 10:13:47.5,,,,,,,Mystery high,,
\\snowman.ucsd.edu\sanctsound_decimated\MB\MB02\MB02_01_df48\LTSAout_MB02_01_5s_1Hz.ltsa,7/11/2022 11:12,UF,Other,1/1/2019 1:05:40.5,1/1/2019 12:17:55.5,,,,,,,Mystery,,
\\snowman.ucsd.edu\sanctsound_decimated\MB\MB02\MB02_01_df48\LTSAout_MB02_01_5s_1Hz.ltsa,7/11/2022 11:13,UF,Other,1/2/2019 2:03:46.5,1/2/2019 13:27:58.5,,,,,,,Mystery,,
\\snowman.ucsd.edu\sanctsound_decimated\MB\MB02\MB02_01_df48\LTSAout_MB02_01_5s_1Hz.ltsa,7/11/2022 11:13,UF,Other,1/3/2019 2:27:32.5,1/3/2019 14:25:47.5,,,,,,,Mystery,,
\\snowman.ucsd.edu\sanctsound_decimated\MB\MB02\MB02_01_df48\LTSAout_MB02_01_5s_1Hz.ltsa,7/11/2022 11:13,UF,Other,1/3/2019 4:35:12.5,1/3/2019 10:46:15.5,,,,,,,Mystery high,,
\\snowman.ucsd.edu\sanctsound_decimated\MB\MB02\MB02_01_df48\LTSAout_MB02_01_5s_1Hz.ltsa,7/11/2022 11:14,UF,Other,1/4/2019 1:56:48.5,1/4/2019 14:32:27.5,,,,,,,Mystery,,
\\snowman.ucsd.edu\sanctsound_decimated\MB\MB02\MB02_01_df48\LTSAout_MB02_01_5s_1Hz.ltsa,7/11/2022 11:14,UF,Other,1/4/2019 3:18:32.5,1/4/2019 12:14:38.5,,,,,,,Mystery high,,
\\snowman.ucsd.edu\sanctsound_decimated\MB\MB02\MB02_01_df48\LTSAout_MB02_01_5s_1Hz.ltsa,7/11/2022 11:14,UF,Other,1/5/2019 1:22:43.5,1/5/2019 15:26:52.5,,,,,,,Mystery,,
\\snowman.ucsd.edu\sanctsound_decimated\MB\MB02\MB02_01_df48\LTSAout_MB02_01_5s_1Hz.ltsa,7/11/2022 11:15,UF,Other,1/5/2019 2:47:47.5,1/5/2019 13:02:13.5,,,,,,,Mystery high,,
\\snowman.ucsd.edu\sanctsound_decimated\MB\MB02\MB02_01_df48\LTSAout_MB02_01_5s_1Hz.ltsa,7/11/2022 11:15,UF,Other,1/6/2019 0:43:29.5,1/6/2019 15:06:22.5,,,,,,,Mystery,,
\\snowman.ucsd.edu\sanctsound_decimated\MB\MB02\MB02_01_df48\LTSAout_MB02_01_5s_1Hz.ltsa,7/11/2022 11:15,UF,Other,1/6/2019 1:27:44.5,1/6/2019 11:43:48.5,,,,,,,Mystery high,,
\\snowman.ucsd.edu\sanctsound_decimated\MB\MB02\MB02_01_df48\LTSAout_MB02_01_5s_1Hz.ltsa,7/11/2022 11:16,UF,Other,1/7/2019 0:50:14.5,1/7/2019 11:54:00.5,,,,,,,Mystery,,
\\snowman.ucsd.edu\sanctsound_decimated\MB\MB02\MB02_01_df48\LTSAout_MB02_01_5s_1Hz.ltsa,7/11/2022 11:16,UF,Other,1/7/2019 1:27:39.5,1/7/2019 7:55:42.5,,,,,,,Mystery high,,
\\snowman.ucsd.edu\sanctsound_decimated\MB\MB02\MB02_01_df48\LTSAout_MB02_01_5s_1Hz.ltsa,7/11/2022 11:17,UF,Other,1/8/2019 0:26:21.5,1/8/2019 8:36:28.5,,,,,,,Mystery,,
\\snowman.ucsd.edu\sanctsound_decimated\MB\MB02\MB02_01_df48\LTSAout_MB02_01_5s_1Hz.ltsa,7/11/2022 11:17,UF,Other,1/8/2019 1:32:41.5,1/8/2019 5:20:44.5,,,,,,,Mystery high,,
\\snowman.ucsd.edu\sanctsound_decimated\MB\MB02\MB02_01_df48\LTSAout_MB02_01_5s_1Hz.ltsa,7/11/2022 11:18,UF,Other,1/9/2019 0:08:23.5,1/9/2019 13:58:57.5,,,,,,,Mystery,,
\\snowman.ucsd.edu\sanctsound_decimated\MB\MB02\MB02_01_df48\LTSAout_MB02_01_5s_1Hz.ltsa,7/11/2022 11:18,UF,Other,1/9/2019 1:13:08.5,1/9/2019 5:21:35.5,,,,,,,Mystery high,,
\\snowman.ucsd.edu\sanctsound_decimated\MB\MB02\MB02_01_df48\LTSAout_MB02_01_5s_1Hz.ltsa,7/11/2022 11:18,UF,Other,1/9/2019 20:26:58.5,1/10/2019 8:18:23.5,,,,,,,Mystery,,
\\snowman.ucsd.edu\sanctsound_decimated\MB\MB02\MB02_01_df48\LTSAout_MB02_01_5s_1Hz.ltsa,7/11/2022 11:18,UF,Other,1/10/2019 1:09:32.5,1/10/2019 5:51:59.5,,,,,,,Mystery high,,
\\snowman.ucsd.edu\sanctsound_decimated\MB\MB02\MB02_01_df48\LTSAout_MB02_01_5s_1Hz.ltsa,7/11/2022 11:21,UF,Other,1/10/2019 21:11:13.5,1/11/2019 9:02:43.5,,,,,,,Mystery,,
\\snowman.ucsd.edu\sanctsound_decimated\MB\MB02\MB02_01_df48\LTSAout_MB02_01_5s_1Hz.ltsa,7/11/2022 11:21,UF,Other,1/11/2019 1:13:02.5,1/11/2019 5:52:04.5,,,,,,,Mystery high,,
\\snowman.ucsd.edu\sanctsound_decimated\MB\MB02\MB02_01_df48\LTSAout_MB02_01_5s_1Hz.ltsa,7/11/2022 11:21,UF,Other,1/12/2019 0:21:48.5,1/12/2019 8:08:05.5,,,,,,,Mystery,,
\\snowman.ucsd.edu\sanctsound_decimated\MB\MB02\MB02_01_df48\LTSAout_MB02_01_5s_1Hz.ltsa,7/11/2022 11:21,UF,Other,1/12/2019 1:26:28.5,1/12/2019 5:00:57.5,,,,,,,Mystery high,,
\\snowman.ucsd.edu\sanctsound_decimated\MB\MB02\MB02_01_df48\LTSAout_MB02_01_5s_1Hz.ltsa,7/11/2022 11:24,UF,Other,1/12/2019 23:13:44.5,1/13/2019 8:21:45.5,,,,,,,Mystery,,
\\snowman.ucsd.edu\sanctsound_decimated\MB\MB02\MB02_01_df48\LTSAout_MB02_01_5s_1Hz.ltsa,7/11/2022 11:24,UF,Other,1/13/2019 1:06:04.5,1/13/2019 5:34:57.5,,,,,,,Mystery high,,
\\snowman.ucsd.edu\sanctsound_decimated\MB\MB02\MB02_01_df48\LTSAout_MB02_01_5s_1Hz.ltsa,7/11/2022 11:24,UF,Other,1/14/2019 0:25:03.5,1/14/2019 7:27:06.5,,,,,,,Mystery,,
\\snowman.ucsd.edu\sanctsound_decimated\MB\MB02\MB02_01_df48\LTSAout_MB02_01_5s_1Hz.ltsa,7/11/2022 11:24,UF,Other,1/14/2019 1:29:43.5,1/14/2019 5:10:56.5,,,,,,,Mystery high,,
\\snowman.ucsd.edu\sanctsound_decimated\MB\MB02\MB02_01_df48\LTSAout_MB02_01_5s_1Hz.ltsa,7/11/2022 11:24,UF,Other,1/14/2019 23:33:54.5,1/15/2019 7:37:18.5,,,,,,,Mystery,,
\\snowman.ucsd.edu\sanctsound_decimated\MB\MB02\MB02_01_df48\LTSAout_MB02_01_5s_1Hz.ltsa,7/11/2022 11:25,UF,Other,1/15/2019 1:12:39.5,1/15/2019 5:31:18.5,,,,,,,Mystery high,,
\\snowman.ucsd.edu\sanctsound_decimated\MB\MB02\MB02_01_df48\LTSAout_MB02_01_5s_1Hz.ltsa,7/11/2022 11:25,UF,Other,1/16/2019 0:38:27.5,1/16/2019 7:37:10.5,,,,,,,Mystery,,
\\snowman.ucsd.edu\sanctsound_decimated\MB\MB02\MB02_01_df48\LTSAout_MB02_01_5s_1Hz.ltsa,7/11/2022 11:25,UF,Other,1/16/2019 1:43:07.5,1/16/2019 5:10:45.5,,,,,,,Mystery high,,
\\snowman.ucsd.edu\sanctsound_decimated\MB\MB02\MB02_01_df48\LTSAout_MB02_01_5s_1Hz.ltsa,7/11/2022 11:38,UF,Other,1/17/2019 0:31:33.5,1/17/2019 6:46:01.5,,,,,,,Mystery,,
\\snowman.ucsd.edu\sanctsound_decimated\MB\MB02\MB02_01_df48\LTSAout_MB02_01_5s_1Hz.ltsa,7/11/2022 11:38,UF,Other,1/17/2019 21:20:51.5,1/18/2019 8:38:11.5,,,,,,,Mystery,,
\\snowman.ucsd.edu\sanctsound_decimated\MB\MB02\MB02_01_df48\LTSAout_MB02_01_5s_1Hz.ltsa,7/11/2022 11:39,UF,Other,1/17/2019 21:44:41.5,1/18/2019 5:44:37.5,,,,,,,Mystery high,,
\\snowman.ucsd.edu\sanctsound_decimated\MB\MB02\MB02_01_df48\LTSAout_MB02_01_5s_1Hz.ltsa,7/11/2022 11:40,UF,Other,1/18/2019 20:46:36.5,1/19/2019 8:24:32.5,,,,,,,Mystery,,
\\snowman.ucsd.edu\sanctsound_decimated\MB\MB02\MB02_01_df48\LTSAout_MB02_01_5s_1Hz.ltsa,7/11/2022 11:40,UF,Other,1/18/2019 23:26:40.5,1/19/2019 6:04:58.5,,,,,,,Mystery high,,
\\snowman.ucsd.edu\sanctsound_decimated\MB\MB02\MB02_01_df48\LTSAout_MB02_01_5s_1Hz.ltsa,7/11/2022 12:46,UF,Other,1/19/2019 22:55:57.5,1/20/2019 7:29:55.5,,,,,,,Mystery,,
\\snowman.ucsd.edu\sanctsound_decimated\MB\MB02\MB02_01_df48\LTSAout_MB02_01_5s_1Hz.ltsa,7/11/2022 12:46,UF,Other,1/20/2019 1:05:16.5,1/20/2019 4:46:30.5,,,,,,,Mystery high,,
\\snowman.ucsd.edu\sanctsound_decimated\MB\MB02\MB02_01_df48\LTSAout_MB02_01_5s_1Hz.ltsa,7/11/2022 12:47,UF,Other,1/20/2019 23:23:04.5,1/21/2019 7:53:41.5,,,,,,,Mystery,,
\\snowman.ucsd.edu\sanctsound_decimated\MB\MB02\MB02_01_df48\LTSAout_MB02_01_5s_1Hz.ltsa,7/11/2022 12:47,UF,Other,1/21/2019 1:08:39.5,1/21/2019 6:14:56.5,,,,,,,Mystery high,,
\\snowman.ucsd.edu\sanctsound_decimated\MB\MB02\MB02_01_df48\LTSAout_MB02_01_5s_1Hz.ltsa,7/11/2022 12:48,UF,Other,1/22/2019 0:17:25.5,1/22/2019 7:05:52.5,,,,,,,Mystery,,
\\snowman.ucsd.edu\sanctsound_decimated\MB\MB02\MB02_01_df48\LTSAout_MB02_01_5s_1Hz.ltsa,7/11/2022 12:48,UF,Other,1/22/2019 1:25:30.5,1/22/2019 5:37:22.5,,,,,,,Mystery high,,
\\snowman.ucsd.edu\sanctsound_decimated\MB\MB02\MB02_01_df48\LTSAout_MB02_01_5s_1Hz.ltsa,7/11/2022 13:03,UF,Other,1/22/2019 23:56:56.5,1/23/2019 7:46:38.5,,,,,,,Mystery,,
\\snowman.ucsd.edu\sanctsound_decimated\MB\MB02\MB02_01_df48\LTSAout_MB02_01_5s_1Hz.ltsa,7/11/2022 13:03,UF,Other,1/23/2019 1:25:26.5,1/23/2019 5:47:33.5,,,,,,,Mystery high,,
\\snowman.ucsd.edu\sanctsound_decimated\MB\MB02\MB02_01_df48\LTSAout_MB02_01_5s_1Hz.ltsa,7/11/2022 13:03,UF,Other,1/24/2019 0:58:01.5,1/24/2019 8:30:42.5,,,,,,,Mystery,,
\\snowman.ucsd.edu\sanctsound_decimated\MB\MB02\MB02_01_df48\LTSAout_MB02_01_5s_1Hz.ltsa,7/11/2022 13:04,UF,Other,1/24/2019 1:35:31.5,1/24/2019 6:45:13.5,,,,,,,Mystery high,,
\\snowman.ucsd.edu\sanctsound_decimated\MB\MB02\MB02_01_df48\LTSAout_MB02_01_5s_1Hz.ltsa,7/11/2022 13:04,UF,Other,1/25/2019 0:34:06.5,1/25/2019 8:37:27.5,,,,,,,Mystery,,
\\snowman.ucsd.edu\sanctsound_decimated\MB\MB02\MB02_01_df48\LTSAout_MB02_01_5s_1Hz.ltsa,7/11/2022 13:04,UF,Other,1/25/2019 1:38:46.5,1/25/2019 6:34:53.5,,,,,,,Mystery high,,
\\snowman.ucsd.edu\sanctsound_decimated\MB\MB02\MB02_01_df48\LTSAout_MB02_01_5s_1Hz.ltsa,7/11/2022 13:04,UF,Other,1/26/2019 0:57:46.5,1/26/2019 10:19:27.5,,,,,,,Mystery,,
\\snowman.ucsd.edu\sanctsound_decimated\MB\MB02\MB02_01_df48\LTSAout_MB02_01_5s_1Hz.ltsa,7/11/2022 13:04,UF,Other,1/26/2019 1:48:51.5,1/26/2019 8:13:27.5,,,,,,,Mystery high,,
\\snowman.ucsd.edu\sanctsound_decimated\MB\MB02\MB02_01_df48\LTSAout_MB02_01_5s_1Hz.ltsa,7/11/2022 13:05,UF,Other,1/27/2019 0:27:02.5,1/27/2019 10:43:12.5,,,,,,,Mystery,,
\\snowman.ucsd.edu\sanctsound_decimated\MB\MB02\MB02_01_df48\LTSAout_MB02_01_5s_1Hz.ltsa,7/11/2022 13:05,UF,Other,1/27/2019 1:52:12.5,1/27/2019 7:15:34.5,,,,,,,Mystery high,,
\\snowman.ucsd.edu\sanctsound_decimated\MB\MB02\MB02_01_df48\LTSAout_MB02_01_5s_1Hz.ltsa,7/11/2022 13:05,UF,Other,1/28/2019 0:37:05.5,1/28/2019 10:22:31.5,,,,,,,Mystery,,
\\snowman.ucsd.edu\sanctsound_decimated\MB\MB02\MB02_01_df48\LTSAout_MB02_01_5s_1Hz.ltsa,7/11/2022 13:05,UF,Other,1/28/2019 1:58:45.5,1/28/2019 7:39:12.5,,,,,,,Mystery high,,
\\snowman.ucsd.edu\sanctsound_decimated\MB\MB02\MB02_01_df48\LTSAout_MB02_01_5s_1Hz.ltsa,7/11/2022 13:06,UF,Other,1/29/2019 0:20:00.5,1/29/2019 11:06:39.5,,,,,,,Mystery,,
\\snowman.ucsd.edu\sanctsound_decimated\MB\MB02\MB02_01_df48\LTSAout_MB02_01_5s_1Hz.ltsa,7/11/2022 13:06,UF,Other,1/29/2019 1:41:40.5,1/29/2019 8:13:06.5,,,,,,,Mystery high,,
\\snowman.ucsd.edu\sanctsound_decimated\MB\MB02\MB02_01_df48\LTSAout_MB02_01_5s_1Hz.ltsa,7/11/2022 13:06,UF,Other,1/30/2019 0:50:25.5,1/30/2019 11:06:35.5,,,,,,,Mystery,,
\\snowman.ucsd.edu\sanctsound_decimated\MB\MB02\MB02_01_df48\LTSAout_MB02_01_5s_1Hz.ltsa,7/11/2022 13:07,UF,Other,1/30/2019 1:44:55.5,1/30/2019 9:04:01.5,,,,,,,Mystery high,,
\\snowman.ucsd.edu\sanctsound_decimated\MB\MB02\MB02_01_df48\LTSAout_MB02_01_5s_1Hz.ltsa,7/11/2022 13:07,UF,Other,1/31/2019 0:53:45.5,1/31/2019 12:35:01.5,,,,,,,Mystery,,
\\snowman.ucsd.edu\sanctsound_decimated\MB\MB02\MB02_01_df48\LTSAout_MB02_01_5s_1Hz.ltsa,7/11/2022 13:08,UF,Other,1/31/2019 1:48:15.5,1/31/2019 9:58:22.5,,,,,,,Mystery high,,
\\snowman.ucsd.edu\sanctsound_decimated\MB\MB02\MB02_01_df48\LTSAout_MB02_01_5s_1Hz.ltsa,7/11/2022 13:08,UF,Other,1/31/2019 23:28:31.5,2/1/2019 12:21:11.5,,,,,,,Mystery,,
\\snowman.ucsd.edu\sanctsound_decimated\MB\MB02\MB02_01_df48\LTSAout_MB02_01_5s_1Hz.ltsa,7/11/2022 13:08,UF,Other,2/1/2019 1:41:16.5,2/1/2019 9:31:02.5,,,,,,,Mystery high,,
\\snowman.ucsd.edu\sanctsound_decimated\MB\MB02\MB02_01_df48\LTSAout_MB02_01_5s_1Hz.ltsa,7/11/2022 13:08,UF,Other,2/1/2019 23:11:25.5,2/2/2019 11:09:35.5,,,,,,,Mystery,,
\\snowman.ucsd.edu\sanctsound_decimated\MB\MB02\MB02_01_df48\LTSAout_MB02_01_5s_1Hz.ltsa,7/11/2022 13:08,UF,Other,2/2/2019 1:24:10.5,2/2/2019 9:34:21.5,,,,,,,Mystery high,,
\\snowman.ucsd.edu\sanctsound_decimated\MB\MB02\MB02_01_df48\LTSAout_MB02_01_5s_1Hz.ltsa,7/11/2022 13:09,UF,Other,2/2/2019 23:04:26.5,2/3/2019 10:45:37.5,,,,,,,Mystery,,
\\snowman.ucsd.edu\sanctsound_decimated\MB\MB02\MB02_01_df48\LTSAout_MB02_01_5s_1Hz.ltsa,7/11/2022 13:09,UF,Other,2/3/2019 1:20:36.5,2/3/2019 6:57:33.5,,,,,,,Mystery high,,
\\snowman.ucsd.edu\sanctsound_decimated\MB\MB02\MB02_01_df48\LTSAout_MB02_01_5s_1Hz.ltsa,7/11/2022 13:11,UF,Other,2/3/2019 21:22:22.5,2/4/2019 7:35:09.5,,,,,,,Mystery,,
\\snowman.ucsd.edu\sanctsound_decimated\MB\MB02\MB02_01_df48\LTSAout_MB02_01_5s_1Hz.ltsa,7/11/2022 13:11,UF,Other,2/3/2019 23:48:46.5,2/4/2019 6:09:59.5,,,,,,,Mystery high,,
\\snowman.ucsd.edu\sanctsound_decimated\MB\MB02\MB02_01_df48\LTSAout_MB02_01_5s_1Hz.ltsa,7/11/2022 13:13,UF,Other,2/6/2019 20:49:34.5,2/7/2019 7:50:00.5,,,,,,,Mystery,,
\\snowman.ucsd.edu\sanctsound_decimated\MB\MB02\MB02_01_df48\LTSAout_MB02_01_5s_1Hz.ltsa,7/11/2022 13:13,UF,Other,2/6/2019 22:24:54.5,2/7/2019 5:54:15.5,,,,,,,Mystery high,,
\\snowman.ucsd.edu\sanctsound_decimated\MB\MB02\MB02_01_df48\LTSAout_MB02_01_5s_1Hz.ltsa,7/11/2022 13:14,UF,Other,2/7/2019 22:11:14.5,2/8/2019 7:26:06.5,,,,,,,Mystery,,
\\snowman.ucsd.edu\sanctsound_decimated\MB\MB02\MB02_01_df48\LTSAout_MB02_01_5s_1Hz.ltsa,7/11/2022 13:14,UF,Other,2/8/2019 1:18:28.5,2/8/2019 5:16:41.5,,,,,,,Mystery high,,
\\snowman.ucsd.edu\sanctsound_decimated\MB\MB02\MB02_01_df48\LTSAout_MB02_01_5s_1Hz.ltsa,7/11/2022 13:14,UF,Other,2/8/2019 22:48:30.5,2/9/2019 8:13:35.5,,,,,,,Mystery,,
\\snowman.ucsd.edu\sanctsound_decimated\MB\MB02\MB02_01_df48\LTSAout_MB02_01_5s_1Hz.ltsa,7/11/2022 13:15,UF,Other,2/9/2019 1:21:44.5,2/9/2019 5:43:46.5,,,,,,,Mystery high,,
\\snowman.ucsd.edu\sanctsound_decimated\MB\MB02\MB02_01_df48\LTSAout_MB02_01_5s_1Hz.ltsa,7/11/2022 13:15,UF,Other,2/9/2019 23:29:14.5,2/10/2019 7:56:26.5,,,,,,,Mystery,,
\\snowman.ucsd.edu\sanctsound_decimated\MB\MB02\MB02_01_df48\LTSAout_MB02_01_5s_1Hz.ltsa,7/11/2022 13:15,UF,Other,2/10/2019 1:28:24.5,2/10/2019 6:51:46.5,,,,,,,Mystery high,,
\\snowman.ucsd.edu\sanctsound_decimated\MB\MB02\MB02_01_df48\LTSAout_MB02_01_5s_1Hz.ltsa,7/11/2022 13:15,UF,Other,2/10/2019 22:04:00.5,2/11/2019 7:59:41.5,,,,,,,Mystery,,
\\snowman.ucsd.edu\sanctsound_decimated\MB\MB02\MB02_01_df48\LTSAout_MB02_01_5s_1Hz.ltsa,7/11/2022 13:15,UF,Other,2/11/2019 0:06:34.5,2/11/2019 6:27:47.5,,,,,,,Mystery high,,
\\snowman.ucsd.edu\sanctsound_decimated\MB\MB02\MB02_01_df48\LTSAout_MB02_01_5s_1Hz.ltsa,7/11/2022 13:16,UF,Other,2/11/2019 22:03:57.5,2/12/2019 9:31:32.5,,,,,,,Mystery,,
\\snowman.ucsd.edu\sanctsound_decimated\MB\MB02\MB02_01_df48\LTSAout_MB02_01_5s_1Hz.ltsa,7/11/2022 13:16,UF,Other,2/12/2019 0:13:21.5,2/12/2019 7:01:48.5,,,,,,,Mystery high,,
\\snowman.ucsd.edu\sanctsound_decimated\MB\MB02\MB02_01_df48\LTSAout_MB02_01_5s_1Hz.ltsa,7/11/2022 13:16,UF,Other,2/12/2019 22:54:53.5,2/13/2019 9:27:58.5,,,,,,,Mystery,,
\\snowman.ucsd.edu\sanctsound_decimated\MB\MB02\MB02_01_df48\LTSAout_MB02_01_5s_1Hz.ltsa,7/11/2022 13:16,UF,Other,2/13/2019 1:00:47.5,2/13/2019 6:41:14.5,,,,,,,Mystery high,,
\\snowman.ucsd.edu\sanctsound_decimated\MB\MB02\MB02_01_df48\LTSAout_MB02_01_5s_1Hz.ltsa,7/11/2022 13:17,UF,Other,2/14/2019 0:40:16.5,2/14/2019 8:43:38.5,,,,,,,Mystery,,
\\snowman.ucsd.edu\sanctsound_decimated\MB\MB02\MB02_01_df48\LTSAout_MB02_01_5s_1Hz.ltsa,7/11/2022 13:17,UF,Other,2/14/2019 1:51:46.5,2/14/2019 6:13:54.5,,,,,,,Mystery high,,
\\snowman.ucsd.edu\sanctsound_decimated\MB\MB02\MB02_01_df48\LTSAout_MB02_01_5s_1Hz.ltsa,7/11/2022 13:17,UF,Other,2/15/2019 0:06:08.5,2/15/2019 7:04:51.5,,,,,,,Mystery,,
\\snowman.ucsd.edu\sanctsound_decimated\MB\MB02\MB02_01_df48\LTSAout_MB02_01_5s_1Hz.ltsa,7/11/2022 13:17,UF,Other,2/15/2019 1:38:03.5,2/15/2019 5:09:06.5,,,,,,,Mystery high,,
\\snowman.ucsd.edu\sanctsound_decimated\MB\MB02\MB02_01_df48\LTSAout_MB02_01_5s_1Hz.ltsa,7/11/2022 13:17,UF,Other,2/15/2019 22:57:59.5,2/16/2019 8:36:35.5,,,,,,,Mystery,,
\\snowman.ucsd.edu\sanctsound_decimated\MB\MB02\MB02_01_df48\LTSAout_MB02_01_5s_1Hz.ltsa,7/11/2022 13:17,UF,Other,2/16/2019 0:02:39.5,2/16/2019 6:37:32.5,,,,,,,Mystery high,,
\\snowman.ucsd.edu\sanctsound_decimated\MB\MB02\MB02_01_df48\LTSAout_MB02_01_5s_1Hz.ltsa,7/11/2022 13:18,UF,Other,2/16/2019 18:52:47.5,2/17/2019 7:18:12.5,,,,,,,Mystery,,
\\snowman.ucsd.edu\sanctsound_decimated\MB\MB02\MB02_01_df48\LTSAout_MB02_01_5s_1Hz.ltsa,7/11/2022 13:18,UF,Other,2/16/2019 20:24:41.5,2/17/2019 5:53:07.5,,,,,,,Mystery high,,
\\snowman.ucsd.edu\sanctsound_decimated\MB\MB02\MB02_01_df48\LTSAout_MB02_01_5s_1Hz.ltsa,7/11/2022 13:18,UF,Other,2/17/2019 20:14:22.5,2/18/2019 6:57:44.5,,,,,,,Mystery,,
\\snowman.ucsd.edu\sanctsound_decimated\MB\MB02\MB02_01_df48\LTSAout_MB02_01_5s_1Hz.ltsa,7/11/2022 13:18,UF,Other,2/17/2019 23:01:11.5,2/18/2019 5:18:59.5,,,,,,,Mystery high,,
\\snowman.ucsd.edu\sanctsound_decimated\MB\MB02\MB02_01_df48\LTSAout_MB02_01_5s_1Hz.ltsa,7/11/2022 13:18,UF,Other,2/18/2019 20:55:02.5,2/19/2019 7:48:38.5,,,,,,,Mystery,,
\\snowman.ucsd.edu\sanctsound_decimated\MB\MB02\MB02_01_df48\LTSAout_MB02_01_5s_1Hz.ltsa,7/11/2022 13:18,UF,Other,2/18/2019 21:59:42.5,2/19/2019 5:25:38.5,,,,,,,Mystery high,,
\\snowman.ucsd.edu\sanctsound_decimated\MB\MB02\MB02_01_df48\LTSAout_MB02_01_5s_1Hz.ltsa,7/11/2022 13:19,UF,Other,2/19/2019 21:15:22.5,2/20/2019 8:25:58.5,,,,,,,Mystery,,
\\snowman.ucsd.edu\sanctsound_decimated\MB\MB02\MB02_01_df48\LTSAout_MB02_01_5s_1Hz.ltsa,7/11/2022 13:19,UF,Other,2/20/2019 0:02:11.5,2/20/2019 5:59:34.5,,,,,,,Mystery high,,
\\snowman.ucsd.edu\sanctsound_decimated\MB\MB02\MB02_01_df48\LTSAout_MB02_01_5s_1Hz.ltsa,7/11/2022 13:20,UF,Other,2/20/2019 21:18:38.5,2/21/2019 11:43:16.5,,,,,,,Mystery,,
\\snowman.ucsd.edu\sanctsound_decimated\MB\MB02\MB02_01_df48\LTSAout_MB02_01_5s_1Hz.ltsa,7/11/2022 13:20,UF,Other,2/20/2019 23:11:07.5,2/21/2019 6:57:29.5,,,,,,,Mystery high,,
\\snowman.ucsd.edu\sanctsound_decimated\MB\MB02\MB02_01_df48\LTSAout_MB02_01_5s_1Hz.ltsa,7/11/2022 13:20,UF,Other,2/21/2019 19:36:39.5,2/22/2019 14:02:50.5,,,,,,,Mystery,,
\\snowman.ucsd.edu\sanctsound_decimated\MB\MB02\MB02_01_df48\LTSAout_MB02_01_5s_1Hz.ltsa,7/11/2022 13:20,UF,Other,2/21/2019 21:08:32.5,2/22/2019 7:17:48.5,,,,,,,Mystery high,,
\\snowman.ucsd.edu\sanctsound_decimated\MB\MB02\MB02_01_df48\LTSAout_MB02_01_5s_1Hz.ltsa,7/11/2022 13:21,UF,Other,2/22/2019 20:58:08.5,2/23/2019 12:51:17.5,,,,,,,Mystery,,
\\snowman.ucsd.edu\sanctsound_decimated\MB\MB02\MB02_01_df48\LTSAout_MB02_01_5s_1Hz.ltsa,7/11/2022 13:21,UF,Other,2/22/2019 23:07:31.5,2/23/2019 7:27:54.5,,,,,,,Mystery high,,
\\snowman.ucsd.edu\sanctsound_decimated\MB\MB02\MB02_01_df48\LTSAout_MB02_01_5s_1Hz.ltsa,7/11/2022 13:23,UF,Other,2/23/2019 21:18:34.5,2/24/2019 12:44:27.5,,,,,,,Mystery,,
\\snowman.ucsd.edu\sanctsound_decimated\MB\MB02\MB02_01_df48\LTSAout_MB02_01_5s_1Hz.ltsa,7/11/2022 13:23,UF,Other,2/24/2019 1:40:42.5,2/24/2019 5:59:19.5,,,,,,,Mystery high,,
\\snowman.ucsd.edu\sanctsound_decimated\MB\MB02\MB02_01_df48\LTSAout_MB02_01_5s_1Hz.ltsa,7/11/2022 13:35,UF,Other,2/26/2019 2:12:28.5,2/26/2019 14:14:04.5,,,,,,,Mystery,,
\\snowman.ucsd.edu\sanctsound_decimated\MB\MB02\MB02_01_df48\LTSAout_MB02_01_5s_1Hz.ltsa,7/11/2022 13:35,UF,Other,2/26/2019 2:53:18.5,2/26/2019 11:34:05.5,,,,,,,Mystery high,,
\\snowman.ucsd.edu\sanctsound_decimated\MB\MB02\MB02_01_df48\LTSAout_MB02_01_5s_1Hz.ltsa,7/11/2022 13:35,UF,Other,2/27/2019 1:45:05.5,2/27/2019 14:37:45.5,,,,,,,Mystery,,
\\snowman.ucsd.edu\sanctsound_decimated\MB\MB02\MB02_01_df48\LTSAout_MB02_01_5s_1Hz.ltsa,7/11/2022 13:35,UF,Other,2/27/2019 2:08:55.5,2/27/2019 12:35:15.5,,,,,,,Mystery high,,
\\snowman.ucsd.edu\sanctsound_decimated\MB\MB02\MB02_01_df48\LTSAout_MB02_01_5s_1Hz.ltsa,7/11/2022 13:35,UF,Other,2/28/2019 0:23:22.5,2/28/2019 14:10:31.5,,,,,,,Mystery,,
\\snowman.ucsd.edu\sanctsound_decimated\MB\MB02\MB02_01_df48\LTSAout_MB02_01_5s_1Hz.ltsa,7/11/2022 13:35,UF,Other,2/28/2019 1:21:11.5,2/28/2019 9:41:32.5,,,,,,,Mystery high,,
\\snowman.ucsd.edu\sanctsound_decimated\MB\MB02\MB02_01_df48\LTSAout_MB02_01_5s_1Hz.ltsa,7/11/2022 13:36,UF,Other,2/28/2019 20:01:03.5,3/1/2019 13:49:56.5,,,,,,,Mystery,,
\\snowman.ucsd.edu\sanctsound_decimated\MB\MB02\MB02_01_df48\LTSAout_MB02_01_5s_1Hz.ltsa,7/11/2022 13:36,UF,Other,2/28/2019 22:10:26.5,3/1/2019 7:55:53.5,,,,,,,Mystery high,,
\\snowman.ucsd.edu\sanctsound_decimated\MB\MB02\MB02_01_df48\LTSAout_MB02_01_5s_1Hz.ltsa,7/11/2022 13:36,UF,Other,3/1/2019 18:15:30.5,3/2/2019 8:29:54.5,,,,,,,Mystery,,
\\snowman.ucsd.edu\sanctsound_decimated\MB\MB02\MB02_01_df48\LTSAout_MB02_01_5s_1Hz.ltsa,7/11/2022 13:37,UF,Other,3/1/2019 22:17:08.5,3/2/2019 5:49:55.5,,,,,,,Mystery high,,
\\snowman.ucsd.edu\sanctsound_decimated\MB\MB02\MB02_01_df48\LTSAout_MB02_01_5s_1Hz.ltsa,7/11/2022 13:37,UF,Other,3/2/2019 23:01:13.5,3/3/2019 8:22:55.5,,,,,,,Mystery,,
\\snowman.ucsd.edu\sanctsound_decimated\MB\MB02\MB02_01_df48\LTSAout_MB02_01_5s_1Hz.ltsa,7/11/2022 13:37,UF,Other,3/3/2019 1:34:27.5,3/3/2019 6:16:56.5,,,,,,,Mystery high,,
\\snowman.ucsd.edu\sanctsound_decimated\MB\MB02\MB02_01_df48\LTSAout_MB02_01_5s_1Hz.ltsa,7/11/2022 13:37,UF,Other,3/3/2019 23:55:39.5,3/4/2019 7:45:20.5,,,,,,,Mystery,,
\\snowman.ucsd.edu\sanctsound_decimated\MB\MB02\MB02_01_df48\LTSAout_MB02_01_5s_1Hz.ltsa,7/11/2022 13:37,UF,Other,3/4/2019 1:34:23.5,3/4/2019 5:12:11.5,,,,,,,Mystery high,,
\\snowman.ucsd.edu\sanctsound_decimated\MB\MB02\MB02_01_df48\LTSAout_MB02_01_5s_1Hz.ltsa,7/11/2022 13:38,UF,Other,3/4/2019 23:01:00.5,3/5/2019 7:41:52.5,,,,,,,Mystery,,
\\snowman.ucsd.edu\sanctsound_decimated\MB\MB02\MB02_01_df48\LTSAout_MB02_01_5s_1Hz.ltsa,7/11/2022 13:38,UF,Other,3/5/2019 1:51:14.5,3/5/2019 4:38:03.5,,,,,,,Mystery high,,
\\snowman.ucsd.edu\sanctsound_decimated\MB\MB02\MB02_01_df48\LTSAout_MB02_01_5s_1Hz.ltsa,7/11/2022 13:38,UF,Other,3/5/2019 23:04:21.5,3/6/2019 10:18:22.5,,,,,,,Mystery,,
\\snowman.ucsd.edu\sanctsound_decimated\MB\MB02\MB02_01_df48\LTSAout_MB02_01_5s_1Hz.ltsa,7/11/2022 13:39,UF,Other,3/6/2019 23:14:28.5,3/7/2019 8:02:05.5,,,,,,,Mystery,,
\\snowman.ucsd.edu\sanctsound_decimated\MB\MB02\MB02_01_df48\LTSAout_MB02_01_5s_1Hz.ltsa,7/11/2022 13:39,UF,Other,3/7/2019 2:28:28.5,3/7/2019 5:15:16.5,,,,,,,Mystery high,,
\\snowman.ucsd.edu\sanctsound_decimated\MB\MB02\MB02_01_df48\LTSAout_MB02_01_5s_1Hz.ltsa,7/11/2022 13:41,UF,Other,2/25/2019 0:53:26.5,2/25/2019 7:38:29.5,,,,,,,Mystery,,
\\snowman.ucsd.edu\sanctsound_decimated\MB\MB02\MB02_01_df48\LTSAout_MB02_01_5s_1Hz.ltsa,7/11/2022 13:46,UF,Other,3/7/2019 23:11:34.5,3/8/2019 6:10:16.5,,,,,,,Mystery,,
\\snowman.ucsd.edu\sanctsound_decimated\MB\MB02\MB02_01_df48\LTSAout_MB02_01_5s_1Hz.ltsa,7/11/2022 13:47,UF,Other,3/8/2019 0:46:52.5,3/8/2019 5:08:56.5,,,,,,,Mystery high,,
\\snowman.ucsd.edu\sanctsound_decimated\MB\MB02\MB02_01_df48\LTSAout_MB02_01_5s_1Hz.ltsa,7/11/2022 13:47,UF,Other,3/8/2019 22:37:19.5,3/9/2019 7:59:00.5,,,,,,,Mystery,,
\\snowman.ucsd.edu\sanctsound_decimated\MB\MB02\MB02_01_df48\LTSAout_MB02_01_5s_1Hz.ltsa,7/11/2022 13:47,UF,Other,3/9/2019 0:46:43.5,3/9/2019 6:16:51.5,,,,,,,Mystery high,,
\\snowman.ucsd.edu\sanctsound_decimated\MB\MB02\MB02_01_df48\LTSAout_MB02_01_5s_1Hz.ltsa,7/11/2022 13:48,UF,Other,3/10/2019 1:24:03.5,3/10/2019 11:50:24.5,,,,,,,Mystery,,
\\snowman.ucsd.edu\sanctsound_decimated\MB\MB02\MB02_01_df48\LTSAout_MB02_01_5s_1Hz.ltsa,7/11/2022 13:48,UF,Other,3/10/2019 2:08:18.5,3/10/2019 5:18:57.5,,,,,,,Mystery high,,
\\snowman.ucsd.edu\sanctsound_decimated\MB\MB02\MB02_01_df48\LTSAout_MB02_01_5s_1Hz.ltsa,7/11/2022 13:48,UF,Other,3/10/2019 21:22:16.5,3/11/2019 7:11:06.5,,,,,,,Mystery,,
\\snowman.ucsd.edu\sanctsound_decimated\MB\MB02\MB02_01_df48\LTSAout_MB02_01_5s_1Hz.ltsa,7/11/2022 13:48,UF,Other,3/10/2019 23:18:00.5,3/11/2019 4:44:43.5,,,,,,,Mystery high,,
\\snowman.ucsd.edu\sanctsound_decimated\MB\MB02\MB02_01_df48\LTSAout_MB02_01_5s_1Hz.ltsa,7/11/2022 13:48,UF,Other,3/11/2019 21:08:31.5,3/12/2019 6:40:21.5,,,,,,,Mystery,,
\\snowman.ucsd.edu\sanctsound_decimated\MB\MB02\MB02_01_df48\LTSAout_MB02_01_5s_1Hz.ltsa,7/11/2022 13:49,UF,Other,3/11/2019 23:14:30.5,3/12/2019 6:06:23.5,,,,,,,Mystery high,,
\\snowman.ucsd.edu\sanctsound_decimated\MB\MB02\MB02_01_df48\LTSAout_MB02_01_5s_1Hz.ltsa,7/11/2022 13:49,UF,Other,3/12/2019 20:03:42.5,3/13/2019 6:53:52.5,,,,,,,Mystery,,
\\snowman.ucsd.edu\sanctsound_decimated\MB\MB02\MB02_01_df48\LTSAout_MB02_01_5s_1Hz.ltsa,7/11/2022 13:49,UF,Other,3/12/2019 21:01:37.5,3/13/2019 5:15:08.5,,,,,,,Mystery high,,
\\snowman.ucsd.edu\sanctsound_decimated\MB\MB02\MB02_01_df48\LTSAout_MB02_01_5s_1Hz.ltsa,7/11/2022 13:49,UF,Other,3/13/2019 20:07:02.5,3/14/2019 6:53:48.5,,,,,,,Mystery,,
\\snowman.ucsd.edu\sanctsound_decimated\MB\MB02\MB02_01_df48\LTSAout_MB02_01_5s_1Hz.ltsa,7/11/2022 13:49,UF,Other,3/13/2019 21:49:11.5,3/14/2019 5:28:39.5,,,,,,,Mystery high,,
\\snowman.ucsd.edu\sanctsound_decimated\MB\MB02\MB02_01_df48\LTSAout_MB02_01_5s_1Hz.ltsa,7/11/2022 13:50,UF,Other,3/14/2019 20:44:18.5,3/15/2019 9:33:37.5,,,,,,,Mystery,,
\\snowman.ucsd.edu\sanctsound_decimated\MB\MB02\MB02_01_df48\LTSAout_MB02_01_5s_1Hz.ltsa,7/11/2022 13:50,UF,Other,3/15/2019 2:31:30.5,3/15/2019 5:31:54.5,,,,,,,Mystery high,,
\\snowman.ucsd.edu\sanctsound_decimated\MB\MB02\MB02_01_df48\LTSAout_MB02_01_5s_1Hz.ltsa,7/11/2022 13:51,UF,Other,3/15/2019 21:21:43.5,3/16/2019 7:24:08.5,,,,,,,Mystery,,
\\snowman.ucsd.edu\sanctsound_decimated\MB\MB02\MB02_01_df48\LTSAout_MB02_01_5s_1Hz.ltsa,7/11/2022 13:51,UF,Other,3/16/2019 2:07:35.5,3/16/2019 5:59:04.5,,,,,,,Mystery high,,
\\snowman.ucsd.edu\sanctsound_decimated\MB\MB02\MB02_01_df48\LTSAout_MB02_01_5s_1Hz.ltsa,7/11/2022 13:52,UF,Other,3/16/2019 22:05:48.5,3/17/2019 8:18:30.5,,,,,,,Mystery,,
\\snowman.ucsd.edu\sanctsound_decimated\MB\MB02\MB02_01_df48\LTSAout_MB02_01_5s_1Hz.ltsa,7/11/2022 13:52,UF,Other,3/17/2019 1:50:27.5,3/17/2019 5:31:41.5,,,,,,,Mystery high,,
\\snowman.ucsd.edu\sanctsound_decimated\MB\MB02\MB02_01_df48\LTSAout_MB02_01_5s_1Hz.ltsa,7/11/2022 13:53,UF,Other,3/17/2019 21:18:06.5,3/18/2019 12:57:34.5,,,,,,,Mystery,,
\\snowman.ucsd.edu\sanctsound_decimated\MB\MB02\MB02_01_df48\LTSAout_MB02_01_5s_1Hz.ltsa,7/11/2022 13:53,UF,Other,3/18/2019 2:07:23.5,3/18/2019 5:55:27.5,,,,,,,Mystery high,,
\\snowman.ucsd.edu\sanctsound_decimated\MB\MB02\MB02_01_df48\LTSAout_MB02_01_5s_1Hz.ltsa,7/11/2022 13:53,UF,Other,3/18/2019 23:30:41.5,3/19/2019 12:06:23.5,,,,,,,Mystery,,
\\snowman.ucsd.edu\sanctsound_decimated\MB\MB02\MB02_01_df48\LTSAout_MB02_01_5s_1Hz.ltsa,7/11/2022 13:54,UF,Other,3/19/2019 2:21:06.5,3/19/2019 7:10:24.5,,,,,,,Mystery high,,
\\snowman.ucsd.edu\sanctsound_decimated\MB\MB02\MB02_01_df48\LTSAout_MB02_01_5s_1Hz.ltsa,7/11/2022 13:54,UF,Other,3/20/2019 1:29:57.5,3/20/2019 13:28:06.5,,,,,,,Mystery,,
\\snowman.ucsd.edu\sanctsound_decimated\MB\MB02\MB02_01_df48\LTSAout_MB02_01_5s_1Hz.ltsa,7/11/2022 13:54,UF,Other,3/20/2019 2:44:52.5,3/20/2019 9:36:43.5,,,,,,,Mystery high,,
\\snowman.ucsd.edu\sanctsound_decimated\MB\MB02\MB02_01_df48\LTSAout_MB02_01_5s_1Hz.ltsa,7/11/2022 13:55,UF,Other,3/20/2019 23:13:38.5,3/21/2019 11:01:38.5,,,,,,,Mystery,,
\\snowman.ucsd.edu\sanctsound_decimated\MB\MB02\MB02_01_df48\LTSAout_MB02_01_5s_1Hz.ltsa,7/11/2022 13:55,UF,Other,3/21/2019 2:34:27.5,3/21/2019 5:41:41.5,,,,,,,Mystery high,,
\\snowman.ucsd.edu\sanctsound_decimated\MB\MB02\MB02_01_df48\LTSAout_MB02_01_5s_1Hz.ltsa,7/11/2022 13:55,UF,Other,3/21/2019 21:17:48.5,3/22/2019 10:03:37.5,,,,,,,Mystery,,
\\snowman.ucsd.edu\sanctsound_decimated\MB\MB02\MB02_01_df48\LTSAout_MB02_01_5s_1Hz.ltsa,7/11/2022 13:56,UF,Other,3/22/2019 2:30:56.5,3/22/2019 8:21:34.5,,,,,,,Mystery high,,
\\snowman.ucsd.edu\sanctsound_decimated\MB\MB02\MB02_01_df48\LTSAout_MB02_01_5s_1Hz.ltsa,7/11/2022 13:56,UF,Other,3/22/2019 21:07:23.5,3/23/2019 12:19:38.5,,,,,,,Mystery,,
\\snowman.ucsd.edu\sanctsound_decimated\MB\MB02\MB02_01_df48\LTSAout_MB02_01_5s_1Hz.ltsa,7/11/2022 13:56,UF,Other,3/23/2019 0:07:47.5,3/23/2019 5:34:35.5,,,,,,,Mystery high,,
\\snowman.ucsd.edu\sanctsound_decimated\MB\MB02\MB02_01_df48\LTSAout_MB02_01_5s_1Hz.ltsa,7/11/2022 13:57,UF,Other,3/23/2019 21:37:59.5,3/24/2019 9:49:49.5,,,,,,,Mystery,,
\\snowman.ucsd.edu\sanctsound_decimated\MB\MB02\MB02_01_df48\LTSAout_MB02_01_5s_1Hz.ltsa,7/11/2022 13:57,UF,Other,3/23/2019 22:59:39.5,3/24/2019 7:09:50.5,,,,,,,Mystery high,,
\\snowman.ucsd.edu\sanctsound_decimated\MB\MB02\MB02_01_df48\LTSAout_MB02_01_5s_1Hz.ltsa,7/11/2022 13:57,UF,Other,3/24/2019 21:14:01.5,3/25/2019 9:36:06.5,,,,,,,Mystery,,
\\snowman.ucsd.edu\sanctsound_decimated\MB\MB02\MB02_01_df48\LTSAout_MB02_01_5s_1Hz.ltsa,7/11/2022 13:58,UF,Other,3/24/2019 23:13:10.5,3/25/2019 5:51:23.5,,,,,,,Mystery high,,
\\snowman.ucsd.edu\sanctsound_decimated\MB\MB02\MB02_01_df48\LTSAout_MB02_01_5s_1Hz.ltsa,7/11/2022 13:58,UF,Other,3/25/2019 21:20:46.5,3/26/2019 10:06:36.5,,,,,,,Mystery,,
\\snowman.ucsd.edu\sanctsound_decimated\MB\MB02\MB02_01_df48\LTSAout_MB02_01_5s_1Hz.ltsa,7/11/2022 13:58,UF,Other,3/26/2019 0:48:25.5,3/26/2019 6:32:12.5,,,,,,,Mystery high,,
\\snowman.ucsd.edu\sanctsound_decimated\MB\MB02\MB02_01_df48\LTSAout_MB02_01_5s_1Hz.ltsa,7/11/2022 13:59,UF,Other,3/26/2019 21:13:48.5,3/27/2019 10:16:43.5,,,,,,,Mystery,,
\\snowman.ucsd.edu\sanctsound_decimated\MB\MB02\MB02_01_df48\LTSAout_MB02_01_5s_1Hz.ltsa,7/11/2022 13:59,UF,Other,3/27/2019 2:20:11.5,3/27/2019 5:13:45.5,,,,,,,Mystery high,,
\\snowman.ucsd.edu\sanctsound_decimated\MB\MB02\MB02_01_df48\LTSAout_MB02_01_5s_1Hz.ltsa,7/11/2022 13:59,UF,Other,3/27/2019 23:12:54.5,3/28/2019 5:37:32.5,,,,,,,Mystery,,
\\snowman.ucsd.edu\sanctsound_decimated\MB\MB02\MB02_01_df48\LTSAout_MB02_01_5s_1Hz.ltsa,7/11/2022 13:59,UF,Other,3/28/2019 2:23:28.5,3/28/2019 4:02:12.5,,,,,,,Mystery high,,
\\snowman.ucsd.edu\sanctsound_decimated\MB\MB02\MB02_01_df48\LTSAout_MB02_01_5s_1Hz.ltsa,7/11/2022 14:00,UF,Other,3/29/2019 0:44:39.5,3/29/2019 6:04:38.5,,,,,,,Mystery,,
\\snowman.ucsd.edu\sanctsound_decimated\MB\MB02\MB02_01_df48\LTSAout_MB02_01_5s_1Hz.ltsa,7/11/2022 14:00,UF,Other,3/29/2019 22:11:27.5,3/30/2019 6:21:33.5,,,,,,,Mystery,,
\\snowman.ucsd.edu\sanctsound_decimated\MB\MB02\MB02_01_df48\LTSAout_MB02_01_5s_1Hz.ltsa,7/11/2022 14:00,UF,Other,3/30/2019 2:23:15.5,3/30/2019 5:10:04.5,,,,,,,Mystery high,,
\\snowman.ucsd.edu\sanctsound_decimated\MB\MB02\MB02_01_df48\LTSAout_MB02_01_5s_1Hz.ltsa,7/11/2022 14:00,UF,Other,3/30/2019 23:39:47.5,3/31/2019 6:31:38.5,,,,,,,Mystery,,
\\snowman.ucsd.edu\sanctsound_decimated\MB\MB02\MB02_01_df48\LTSAout_MB02_01_5s_1Hz.ltsa,7/11/2022 14:00,UF,Other,3/31/2019 2:40:11.5,3/31/2019 4:49:30.5,,,,,,,Mystery high,,
